Square_Footage,Num_Bedrooms,Num_Bathrooms,Year_Built,Lot_Size,Garage_Size,Neighborhood_Quality,House_Price
1360,2,1,1981,0.5996366396268330,0,5,262382.8522740560
4272,3,3,2016,4.7530138494020400,1,6,985260.854490162
3592,1,2,2016,3.634822720478260,0,9,777977.3901185810
966,1,2,1977,2.73066687604351,1,8,229698.9186636120
4926,2,1,1993,4.699072554837390,0,8,1041740.8589249000
3944,5,3,1990,2.475930043628730,2,8,879796.9835223780
3671,1,2,2012,4.911960066216670,0,1,814427.8614089890
3419,1,1,1972,2.805281407595680,1,1,703413.1109446800
630,3,3,1997,1.0142859649909100,1,8,173875.03721558500
2185,4,2,1981,3.9416043760667500,2,5,504176.5060593680
1269,2,2,2006,3.5550397628502800,1,9,335332.59275293900
2891,2,3,1982,3.9784402458751400,0,2,635097.3959198
2933,5,3,1973,4.781489129265570,2,9,701133.8041471170
1684,5,3,1988,3.9942018619295800,1,8,440726.2848162880
3885,2,3,1983,3.251014709974910,1,9,838719.430503504
4617,5,1,2005,4.3578900606237800,0,4,1019192.6613592000
3404,3,3,1977,3.529608977095390,0,1,735850.8123421570
974,2,2,1986,2.336535755716650,2,1,234261.64997473900
1582,5,2,1956,4.4852889390879800,1,5,396246.3588887450
3058,2,1,2017,1.498552073529680,0,2,672852.0519810000
2547,4,2,1986,3.715885737089260,2,8,586086.5685389100
3247,1,2,2005,4.467035547233410,1,10,740174.0146550780
1475,2,3,2014,3.790924338664830,1,5,370167.09090271500
2306,1,2,2014,3.637739385742360,2,5,530824.1967752120
689,5,1,1996,3.8868723233232600,2,2,227515.3002879810
3234,1,3,1969,2.5927486173529000,0,7,652166.1423658860
3505,2,3,1968,4.433768069706620,1,8,745670.6371477240
2399,4,1,1978,1.4154641381124100,1,10,513161.95119306400
1767,5,3,2009,1.073238872001530,1,1,432357.9061027440
2028,2,3,1967,1.784789510533300,2,2,434165.89663405100
3702,5,1,1984,2.892098285487470,0,10,809686.201143527
4056,3,3,1992,2.7975280793420200,1,4,883819.0911218560
4390,1,1,1960,4.1926944095446400,2,5,912468.0479046730
1146,3,1,1998,2.3205589538180800,1,2,281313.0614448490
3388,2,2,1987,2.679549918311790,0,1,705923.3148916190
2935,4,2,2013,0.5601545746672800,1,9,656980.4604282170
1100,5,3,2018,2.343826563993230,0,1,318266.2771320870
2863,1,3,1957,3.4149840482765400,0,4,582468.7977365240
2561,5,1,1983,0.5697874878196650,1,2,541967.633559251
741,2,3,1997,1.763968843338100,1,4,188531.42345710600
2541,5,1,2005,1.4358036168022500,0,8,565562.7504321400
3324,1,1,2014,0.688934430093147,2,8,697574.5556670320
3112,2,3,1980,2.6566704046154200,0,9,666733.4734616930
1863,5,1,1953,1.3177548195267000,1,5,376388.0216286440
1978,4,2,1999,3.8438669283412100,1,7,485380.95019563100
3056,2,3,2018,4.315675476935070,2,3,735678.4622017290
1275,2,2,1979,2.9551333220111700,0,10,296291.0010075070
4514,4,3,2008,4.917683041345140,0,4,1046315.8960136600
534,3,1,2016,2.527153571617680,0,10,187508.58531168000
3652,1,3,1994,2.81015694601212,1,9,793995.2848757810
2455,3,2,1953,4.951479892809880,0,10,527393.5128875900
2085,5,1,1975,1.5419679618427200,2,10,467768.122943975
4443,4,3,1976,4.741456728546070,1,1,981190.782911222
3573,3,3,1995,0.6927689980360100,1,2,750481.7169351580
1521,2,3,2013,2.5087410061843800,0,5,377511.26849809100
3961,5,2,2000,0.815015804598796,2,3,866877.3524150970
3113,5,2,1999,3.7815563431113900,1,2,731331.6610567130
4343,3,3,1955,3.23784021146008,1,1,899382.8651584810
2000,3,1,2008,3.6798541856041800,0,10,485622.401919989
661,4,1,1964,2.1851617998560800,0,3,147601.55157708200
4797,1,2,1979,2.162668703141210,2,1,986006.861736761
2481,3,1,1991,0.7039367553240260,0,1,509725.550655089
1495,3,2,1986,2.074752227883380,2,1,346932.6209008940
3842,2,3,1991,4.681797810179270,1,8,863289.3969030940
4298,5,2,1984,2.2065194173120200,2,3,919295.8540615210
1775,1,2,1955,4.241154677998870,2,1,406069.2709127520
1516,2,3,2017,4.290464771374700,2,7,397346.1108776760
837,4,1,1967,2.1795852037065500,1,10,191117.1012230500
1378,4,2,2022,3.3439490617828500,0,3,384461.3548261600
1576,3,2,1978,0.9291722102287640,1,8,340980.72481778500
4493,3,3,2008,0.9665536133042440,0,4,951093.5469938470
879,4,1,1996,0.7189594864777100,2,4,217010.48526715000
992,3,2,1966,3.1145679201879900,2,5,248224.01965609600
2562,1,3,1971,2.417319399317440,2,6,538349.0962151850
4384,3,2,2017,2.9661456049890800,2,7,985223.9966541850
564,5,3,2018,2.8448293572877500,2,4,242865.9315016320
3068,3,1,1986,2.0759134599082900,0,8,654466.9454086810
2527,2,1,1998,3.548630366705630,0,6,551967.8882668800
3195,1,1,1962,3.913258464123760,2,1,663904.9927177990
1995,2,1,1983,0.5658271649495410,1,1,397482.74798703600
891,2,2,2002,1.4325903489599500,1,9,209632.84147750500
4974,5,2,2000,3.7095614063750200,2,10,1107045.062935080
4061,1,1,1952,2.239790776852250,0,6,787420.4040749860
2778,1,1,1991,3.4811777612372400,1,10,605371.7047170610
3599,1,1,1981,2.061331968805510,1,8,721018.0639031390
700,1,2,2000,2.258398185483370,1,7,199066.37891066900
3604,1,1,1995,1.2140549316035800,2,6,730047.4973881330
2954,5,1,1970,1.6620395884977200,1,4,627923.6171994700
4145,3,1,1993,3.2243529087841400,1,7,898283.8867356430
1304,2,3,1960,2.4492340009182500,1,9,277832.10571177300
3231,1,1,2017,3.9843620732506800,1,10,731490.1175330900
3273,3,3,1950,4.336632297222540,0,10,688357.648480334
2070,3,3,2012,2.9374088819754200,2,7,525582.3102214570
3190,2,1,1973,3.9122028142522700,2,1,684824.5348634420
4340,5,3,1962,1.881070309375570,0,10,903251.9405609450
1528,4,1,1960,2.3673704693003500,0,9,323118.7393152310
1002,4,2,2000,3.7074995429757400,2,4,307101.6858385630
4993,3,2,1966,2.237953967676640,1,3,1020324.7565966500
1370,2,2,1973,3.1482722082154500,1,4,304730.506229004
4988,4,2,1968,1.3341775058713000,2,4,1026397.2966122300
706,3,3,1986,3.198970917367240,1,10,199414.94263280900
1984,5,1,1957,4.376811682521020,0,2,472657.61431723300
1363,4,1,1977,4.408878379205420,1,1,340069.229775934
3290,3,1,1954,3.7595498284829300,1,10,696709.415289048
1063,3,2,1966,3.855890205842570,1,1,266533.05392411600
4691,1,2,1985,3.010673503178150,2,8,971514.7620428530
2257,5,1,1968,3.1310064057462100,0,2,501305.5489940660
2178,1,2,2013,1.101427616347330,1,10,480961.44203831700
3742,2,1,1960,2.4973663478958500,2,5,758977.8818675750
1559,1,1,2003,2.528493277488640,1,4,364658.5286208400
2222,1,1,1994,4.813240260504830,0,8,515813.7578353910
3814,4,1,1996,2.4398908818048000,1,2,834587.5117736550
3657,3,1,1961,2.9720419020624100,0,10,747384.0608082060
3125,5,1,1970,2.899631296755960,1,9,667696.0449735250
3229,1,1,1960,3.365427726699470,0,7,645145.5398468640
2097,5,2,1954,3.8670477409935300,1,7,481368.1255215700
3560,1,1,2005,1.5126884427689200,0,1,740148.1937768580
3193,2,1,1969,2.8792598859429600,1,2,639073.1842415400
4127,1,2,1990,4.216629682922140,1,4,886568.3132277150
1863,4,2,1995,2.5840162122688000,2,4,450941.1354372640
2481,3,2,1961,1.7530589586810800,2,3,513720.44181706100
2163,2,1,2019,3.446190839103350,0,7,521205.600976709
2029,1,3,1966,4.2069532810960500,1,8,455122.09995895000
2538,5,3,1968,0.784131318173261,0,2,551463.8888534080
3802,2,2,1975,3.995557175332520,2,4,816173.7524264860
2737,2,3,1997,4.197415698327970,0,3,637736.0103999890
1806,1,2,2001,2.576853174148730,0,2,420203.4615575060
4529,2,1,2019,4.924875455683100,2,6,1026790.0663279700
3175,5,3,2004,4.040187533182890,1,4,744681.397063456
1782,2,1,1982,3.981481542030500,0,6,400585.46235503400
1209,5,3,2011,3.865273584854320,2,2,368327.4567183170
4913,1,1,1972,1.177736464482230,1,4,977158.5923179970
4248,3,3,1964,1.4775389890385500,2,6,883626.6203857240
1163,2,1,1976,2.5879555915899100,0,5,244030.4071335910
2498,3,1,2013,1.6880195748176000,1,3,558598.6787614330
3945,5,3,2000,2.368584375503180,1,8,860329.4923109860
4243,2,1,2002,4.4980884946531400,2,7,947490.7774778160
1995,4,1,2000,4.209471013456710,2,3,492018.32279508400
3804,3,1,1996,3.33517945315992,2,6,832386.3311958440
4263,2,3,1953,4.361541774129970,1,4,893926.6294720690
2353,3,3,1956,4.026975750577620,1,5,534464.9120087980
1791,2,1,1984,2.430432193284010,0,5,355281.41848528600
4081,1,1,1997,1.404793184224750,1,7,834105.7943401120
3957,3,3,2022,2.813904680042030,0,5,885550.3826256530
2136,4,3,2021,3.8130299713784800,2,3,551859.0856947600
4196,4,1,1994,2.4638881942831700,2,10,922420.5883706040
3499,5,1,2021,3.5004735940275400,1,5,804433.8093218550
3652,2,1,1968,0.9244734183096960,2,7,734985.0630470020
1198,3,2,2012,3.8660213136713200,2,5,346152.8475921310
2660,5,3,1987,4.157211289518780,1,5,649973.3618681370
4597,3,2,2016,3.680770351012440,0,9,1006939.6644174100
1354,2,3,2008,4.852686143868650,1,3,370260.6031667920
3974,4,3,2018,4.219934258572880,0,6,928059.7129533670
2207,1,3,1962,4.563921775444420,1,1,492112.0397149680
3277,4,3,1996,4.7010698755594200,1,10,752466.6746666240
2233,5,3,2010,4.106065963432140,2,5,573797.9393068490
4010,1,3,1980,3.534164789029250,1,8,854876.2983739190
702,5,3,1971,0.5257336161235520,1,5,183663.64645731900
3755,2,2,1992,2.596215889504060,0,9,788150.9318106310
4718,1,1,2016,3.0702303438006200,2,6,981510.89525884
4996,5,1,2003,1.8681362260160000,0,8,1070454.2752476100
1266,2,2,1959,1.9314700110656200,0,10,241968.8432665450
4889,4,2,1991,4.825217370695740,2,8,1064004.872579210
2827,2,2,2013,4.512698893412360,2,3,640767.2241513440
3431,3,2,1970,4.321305524757670,2,7,762159.3914733420
697,2,3,2015,2.327053107677500,1,7,216591.97111921200
2430,2,1,1990,0.5616434768401160,2,10,497168.0883454790
4082,3,3,1973,0.8610001090507130,2,6,857205.2452653880
1108,5,1,1984,1.9048836569792200,2,7,285546.501684919
3772,5,1,2005,0.5708431084805460,0,2,819125.6470544270
1647,2,2,1979,0.5771740186183920,0,9,316130.2555576060
4782,3,3,2006,4.62471485739085,1,10,1067425.216621320
3897,3,2,1996,3.6777132595357400,0,10,837398.565143556
3011,4,3,1984,1.890301955306690,1,1,658260.7060110460
2294,5,1,1968,1.0969005992042900,0,1,475767.3504503980
1159,1,2,1957,2.802360730527850,2,3,250101.5473305480
3311,5,2,1975,0.52405772384464,0,3,688516.5046690890
1869,5,1,2020,4.722861847361650,1,1,510876.9990932240
2486,4,1,1979,2.366668037250260,0,7,543734.421890143
646,1,1,1956,2.3105072985680000,2,4,146406.89625235100
3719,4,2,2016,2.25767123411802,1,10,828512.1019589090
3411,1,3,2014,0.8119774867449410,2,2,719969.4352945100
2234,2,2,1985,3.3724500790632200,2,10,507847.58733911200
2343,1,3,1974,3.79851628832759,1,5,507554.9440535180
988,4,2,1986,3.542564289147310,2,6,294558.07202157500
3476,5,2,1950,1.1229597199822700,2,9,712212.2154102820
2459,1,1,1964,3.1047807561601700,0,4,491715.9476636630
2885,1,3,1986,3.062680178775140,2,2,625227.045470116
3419,3,2,1962,4.407848545736220,2,5,752101.9024207600
2302,5,2,1957,2.2060744626904100,2,3,501913.64710804100
4561,2,1,1954,2.171686746467450,2,2,907358.632995708
3869,4,1,2009,3.283371764231840,1,1,878704.0956397130
762,2,3,2022,3.3488269407478100,0,10,237070.70570460000
1123,5,2,1950,2.6117835229660600,2,2,267132.4135848210
1516,1,3,1985,2.493767130486900,2,6,353129.5684734060
4143,1,2,1984,2.723664517870470,1,8,845141.6166638860
2549,5,3,2015,4.374703847764900,2,3,656223.1627305330
4223,1,1,2012,2.575251055642600,1,9,884677.6890798350
3608,1,2,1972,4.729693063864200,0,9,775773.2237663030
4590,1,3,1958,2.768016936183470,0,2,918893.7439235620
2556,4,1,1983,4.771403119314010,2,8,607698.7371081990
3670,4,1,1995,4.247743558410840,2,10,838774.4840391100
2182,3,3,1953,2.130940951771230,2,5,470978.4795328960
2755,2,2,1979,4.386386395834770,1,4,616308.9624199030
1654,5,2,2021,0.9952847789050190,2,10,417416.2622542780
4999,5,1,1952,4.662712289043570,2,5,1060976.488572310
3691,5,2,1963,3.342395817873010,0,4,809046.2841762660
2196,3,2,2009,0.7447583683504000,2,8,485376.42332358000
4491,4,2,1994,3.399155256428650,0,4,965816.6681107300
2148,3,1,1983,4.884114443651400,2,10,517515.4060050990
1945,5,3,1994,0.8141029457658300,0,6,438250.1761546230
4699,2,2,2010,2.9960946940103900,2,2,1008240.7854354900
4423,1,1,1965,3.865074573917180,0,5,888140.07598706
753,4,1,2015,4.146163640147890,1,6,252963.35620761300
3683,4,3,1989,2.362223593943580,0,5,801206.2036701890
3057,3,2,1966,1.4187495162570900,0,2,624112.1600204630
598,4,2,1983,0.6905402544757270,0,7,155471.16626013100
2700,5,3,1965,3.1087677069375100,2,4,617900.4948407210
3461,5,3,2009,2.5380998162042500,2,8,798362.7750475320
4933,3,1,2015,4.7693497781737,2,7,1096158.2899088100
4277,5,1,2015,0.772722084717094,1,7,927092.4059599080
3369,2,3,1962,3.5842790455070300,1,9,728289.8873118910
3734,3,2,2005,0.6123479995402570,0,1,785248.3619879360
4291,2,1,1980,1.2714537951974400,1,10,862580.4983858580
1456,1,1,1983,2.541105499652750,0,6,297387.92248393600
4567,2,2,1988,2.546925992612910,0,6,938151.8372450710
660,1,1,2016,3.5856524432014000,0,6,203447.4833684560
4993,1,2,1957,4.595958656904910,1,6,1038319.1650899700
1800,2,2,2004,3.3756447151171400,2,10,443408.30597782400
4487,3,2,1976,4.79090794033179,1,7,971977.0246414560
2027,5,3,2002,4.467270379450990,0,10,539478.4031506820
1718,5,3,1988,3.1302490798885600,0,6,424712.55125248000
4996,1,3,2014,4.252063779134720,1,1,1102533.6490590900
3604,1,2,1966,3.3915992464563500,0,3,740286.5597469500
3235,3,2,1979,0.8535102391567720,0,2,655719.1459405580
1454,4,3,2002,3.832541254667800,1,6,402213.42189319500
3946,2,1,1962,0.927087985703058,1,8,779202.6809723860
1545,1,2,1970,3.173372512563710,1,3,338170.31528112500
2193,5,1,1968,3.6618809263620300,0,10,497340.9981159920
3936,3,1,2002,0.7993742369488490,0,8,815811.6827370640
1062,2,2,1968,1.538575942669390,2,8,250362.35906874500
2985,3,2,2006,4.620525045177420,2,5,717150.4421296230
3854,2,1,1974,3.2734152150480300,1,8,811129.4971755760
725,2,1,1980,1.608287084647390,2,6,165242.29785174500
1459,1,3,2004,3.60805897016603,0,5,370992.4565584570
3567,3,3,1972,3.1854938898276000,2,9,779362.3561113290
1315,3,2,1981,2.7570906496307700,0,7,308618.40727220200
3620,5,3,2011,4.892841387446380,1,8,861356.9775590370
516,5,3,1959,3.57554199833379,1,1,171023.95659838000
1743,1,3,2021,2.189484993505610,0,2,381738.01754380400
2705,1,3,2003,4.100330444345910,2,8,628610.9650581650
3024,4,1,2001,4.480624818145350,1,9,698124.6114710770
1569,5,2,1969,1.0634925178257400,1,4,362679.08775021500
3944,2,3,1981,1.4024884003037000,2,10,822030.766712673
3065,3,1,1963,1.4730215410750100,2,10,611205.6889207750
1560,1,1,1999,3.6104531422394300,0,9,359657.9955923100
2827,3,1,1977,3.213677997739780,2,4,605143.9591154720
3920,3,3,2002,3.2854620411436500,2,10,881016.0047742790
801,4,3,1973,4.733479848602750,2,10,258111.6713724360
4776,5,2,1971,3.9916018976328800,0,10,1038652.4247755800
1106,1,3,1979,1.0757161603030200,0,9,219426.92448760000
3670,3,3,2012,2.0637818709133100,1,7,813296.8090259810
1199,1,1,1953,2.45927140779081,0,2,211038.85316259600
1639,2,2,2008,2.281827149364220,1,9,395042.35505971000
690,4,3,1957,3.5118887412284600,2,4,203867.04292282800
2800,2,3,1961,4.513518964654530,1,8,619660.8346800940
1480,1,1,1980,1.8772315858525500,1,7,304174.6641013580
3475,1,1,1983,2.9834471138953400,2,7,731899.435616318
1684,5,3,1998,4.0523423986111400,1,8,467628.527062253
3827,3,2,2006,2.3729812648040700,0,1,827143.776401641
3894,3,2,1975,1.2565315777968300,0,5,797034.4255040530
627,2,1,1967,2.637279343686870,0,2,126097.92716348900
2565,4,1,1987,0.7485013433436280,0,2,527544.910534171
2316,3,3,1999,4.740725543010250,1,1,570289.0160760870
1069,5,1,1957,0.8366954233773790,1,5,234389.76681768000
2395,2,3,1990,2.473055218627600,2,2,534533.0200368980
3233,2,2,1955,2.884465674898370,1,4,660507.8198303540
4363,5,2,2018,4.9338672452927800,1,3,1008539.1562343500
4514,4,3,1993,1.2470982063928700,1,3,955158.9063874500
3401,5,1,2013,1.0149418337556100,2,2,756373.8420634220
2186,4,2,1978,0.5391776617814460,0,6,441315.08847493500
3509,5,1,1977,1.2000714659118600,1,2,749610.4677553450
654,5,2,1960,1.4327284058045000,2,8,158636.70310577300
3037,1,3,2014,3.3376142371239200,2,8,699683.2484112400
1909,2,3,1968,1.4886805567613000,2,5,390430.22237748100
4557,5,3,1958,0.5923436662819630,0,10,935973.5562996920
1284,5,2,1976,4.219782554761200,1,7,350816.184399563
3675,3,1,1983,2.1451806545178500,2,4,779019.7305378270
4841,2,1,1993,2.0916350896133000,0,1,987630.2411262020
3306,3,1,2017,1.8611556312556700,2,2,733612.8163648160
1037,2,2,1964,4.889179747158890,2,10,255907.13436004000
2341,3,2,2000,1.2655193778917700,2,10,517655.1581174150
2955,5,2,1962,4.542071287789560,2,4,684425.2003263970
1024,5,2,1998,3.995614994629500,2,1,323701.2441901500
3450,1,2,2019,0.8441597997469090,0,8,724814.2264216080
4631,3,1,2005,4.940280956753820,1,9,1015556.1485920800
4615,4,2,2000,1.7211468359255500,1,4,993273.0796606250
2868,1,2,1986,0.9436231716008560,1,10,581948.159950993
4347,3,1,1966,4.231914053565920,1,3,895675.5548211850
4995,3,2,2007,3.6800399015496500,0,2,1092026.89678641
3201,1,1,1978,3.2774846264505500,0,5,662119.9410580610
1471,5,1,1982,1.2019138866452000,0,3,341253.2207795090
1666,3,3,2009,2.6532325231518300,2,10,412045.7826588490
3274,5,3,2004,4.012502120992460,2,7,748220.493682927
2482,1,3,1959,1.8663077216472800,2,6,507185.45440816100
1353,5,3,1996,1.9026042283176900,1,1,354054.70019158500
4646,2,2,1972,0.5141340772165500,2,8,915005.2948821840
4236,4,3,1970,1.284095307404210,1,2,872676.434152397
4269,3,1,1962,4.439325313048250,2,5,934942.0571329230
1074,4,2,1982,2.487859212369680,1,9,269061.7820440070
3761,5,3,1973,4.929055246554950,2,8,867445.4184620870
1648,3,1,1960,2.2806858360820700,2,2,342303.68926754700
2215,5,2,1966,3.7183390465110900,0,9,486872.0567091350
4354,2,2,2017,1.768635693071280,2,5,935626.9529281100
2991,1,3,1996,2.137143385134200,2,10,644601.105174152
3160,3,2,1974,1.358266944159030,0,6,645375.2217757020
3624,2,1,2022,2.0617806582472800,1,3,786580.3015186450
3551,2,2,1970,2.962568841892890,0,3,740281.2153448500
504,3,1,1961,4.9629779644066200,0,10,149743.4999535610
1376,5,2,1986,3.4889077088230400,1,8,348893.55395287200
1491,2,3,1991,1.3966067948374100,2,10,346010.94983818100
4642,4,1,1966,0.7023264871619800,1,10,915441.1797542060
4864,2,2,1997,1.0686041659153000,2,2,988325.4879158880
4965,5,2,1977,3.0314984057287100,2,2,1075864.2810329500
1135,5,2,1990,3.9432214796754500,1,5,329218.5249164850
2193,4,1,1996,4.731886432853360,0,6,530004.3428420600
2182,2,1,1967,0.5712042739856940,1,2,408013.5790622350
619,5,1,2020,2.852420637028410,2,5,224507.20014868500
1330,3,3,1962,2.6189031030043000,1,7,300656.0790681990
4175,1,3,1962,3.452247598890670,1,10,848824.7742976190
1869,1,1,1980,3.018104845094040,2,10,396681.2860961780
1240,1,2,1951,3.5916761776211600,0,8,262398.4460460840
616,2,3,1965,3.4613716313713600,1,7,180393.6281134630
3338,4,1,1958,1.026552761860760,2,8,671803.9439013260
1650,5,2,2022,4.098730611284240,2,9,474045.8427124250
2431,3,3,1987,1.054546590723460,1,5,505877.59815497700
1512,3,2,2003,3.643387813441120,0,5,389645.3296127530
2164,2,2,2005,2.3726541543827300,1,10,483350.32816846600
1581,1,2,1994,2.812328305594690,0,4,358458.3807510000
1012,2,2,1983,4.564841064690700,0,9,264395.09178796300
3349,4,3,1958,4.504476769130690,0,5,749571.2916347990
1059,4,3,1957,4.180353375447630,0,2,263760.9441483150
4172,5,3,1956,2.7956677120534500,1,10,894611.0786564200
3843,5,1,1985,3.813079145602250,2,8,853001.1125510680
4570,4,3,1967,2.8080367498346400,2,7,972537.496467423
1970,4,2,1952,4.413227371136500,2,8,453359.87163545500
1080,4,3,1977,2.3124912495480500,2,3,270230.63769828000
2794,2,2,2019,4.866059049866950,2,4,673649.8960889380
3647,4,1,1993,4.695452412029950,2,5,827205.303959231
4749,3,2,1970,3.8372117875330300,1,6,1007770.5792970600
2179,1,2,1977,1.757371478792320,0,1,443005.62363881300
4006,4,2,2003,1.0924411495696600,2,4,871566.5627396670
3244,1,1,2003,4.346165525419390,1,10,726227.5690417650
3856,2,3,2014,1.2438602876208300,2,5,824351.6710960340
4545,1,3,1970,4.34417355048801,2,7,973850.3282632280
1743,2,1,1962,2.708442530205620,0,5,344363.2736819860
3618,3,2,2006,2.329505527136470,0,1,793421.1417884240
2641,2,3,1998,4.564358504754930,0,7,621862.7654183530
3559,2,1,2003,3.2173294214312500,2,8,758946.7724048440
3459,5,3,1959,3.09476303208373,2,7,759151.2379465500
2765,4,1,2002,3.0144467508097900,2,4,630531.7401285440
2979,4,2,1993,2.1702628220878900,0,8,646766.2897519650
2135,3,3,1996,4.035393965881070,1,5,533039.4327952060
2257,3,1,2002,1.6375929980709800,2,10,496427.1035646910
4952,4,3,1995,4.725027320185740,2,9,1099211.6405116100
2570,5,3,1962,4.522933422711320,2,10,605600.9507407210
3349,4,3,1986,2.0186614655370400,1,5,738935.8194460400
3751,5,3,1973,3.782586964242490,2,1,839522.318603536
4230,3,1,1951,3.0795043750231600,1,9,874856.2710820400
2989,1,2,1963,2.0194218589965600,2,5,609401.0845045890
2131,3,1,1959,4.9483474159795100,1,6,457643.0980423780
3316,3,1,1984,0.6135680563171890,2,4,676108.8512096880
1515,2,1,1974,1.63690713779579,0,6,300935.18607342000
1848,2,2,1952,2.8403332750001800,0,8,381998.6086592970
3587,2,3,1966,2.8487885156535400,0,3,720883.657171062
3339,2,3,1961,3.1501988372550400,0,5,722543.0796460030
835,5,3,2003,3.8825427741031400,2,2,294548.40256048900
1395,4,2,1973,3.3056502373368300,0,2,336073.5215992290
4046,1,3,1978,3.2012665723761700,1,7,863034.675749834
1351,3,2,1992,0.7408150831086950,0,10,319748.76677475700
2187,5,3,1974,2.1943862950518400,0,10,504023.26087166200
2431,1,3,2009,1.5442508286552000,0,10,538851.8933945440
4246,5,1,2014,1.6941655022088900,2,6,934919.3827777770
2927,5,2,1977,2.994518634531550,0,4,648902.5219843040
2068,3,1,1965,1.397773917183240,1,5,414808.65431770000
4500,4,1,1996,1.8227709545760400,0,1,940080.4444014950
3238,2,1,2007,1.5668811883280300,0,7,676233.0768279260
3998,4,2,1976,4.768263244481880,0,8,866618.3890237980
4413,3,2,2002,4.750995794769930,1,9,983106.2224146990
1566,3,3,1991,3.244737013682230,0,8,367024.37943297000
4880,3,1,2008,4.66035110929355,1,5,1075814.4318808400
2944,1,3,1996,4.0361569046076800,1,3,660979.0474886920
4607,4,1,1983,3.1547654726081400,0,10,978190.835072989
3873,4,2,1986,0.5289584517355810,1,9,801313.0610758340
4469,5,2,1955,3.976323287357320,2,6,992213.4530121650
3046,5,2,1956,3.6611975371481100,0,5,676719.1220590250
1253,5,1,1974,3.268641439770860,0,3,296184.19659571600
2582,3,2,1982,3.9219094025711200,1,6,587557.3219128360
3274,4,1,2004,2.808149741486450,1,3,724842.1846929230
3396,3,3,2007,3.668374720946030,0,10,762080.8235471160
4685,1,1,1956,4.70827439026922,2,6,955223.3951427990
1275,5,3,2006,2.191122571307390,1,4,354189.0054772030
2125,3,1,1961,3.6865482570528100,1,2,454484.4215050970
3569,3,3,1965,2.6405951810493100,2,8,769087.1879559920
917,1,2,1992,3.534798433162920,2,4,251359.79864274800
614,2,3,1956,3.9330200099946400,0,9,172534.44400203400
1116,4,2,2000,0.7045362519610820,2,7,268244.1761186750
4474,2,2,2022,3.4097019977689800,0,2,985699.1860734550
3767,5,3,1981,1.5203353298312500,2,4,824529.5721138920
1325,3,1,1957,3.5151464201340500,1,5,289985.41455097100
2016,1,1,2021,2.6074858367021600,0,3,450594.56797660400
3646,1,1,1994,3.9809873383919900,0,9,794010.0167336400
912,4,1,2008,1.055303668425180,0,5,233504.5137836980
1228,2,1,1953,3.318450582452880,2,2,269736.4362439110
3848,4,2,2016,1.7531182801739900,1,3,841676.0140843310
3308,3,1,1978,4.3384189789876600,0,9,707483.440019593
1175,4,2,1978,4.677725775363380,0,7,310471.3888855300
3965,1,2,1977,4.983792321555750,0,2,846516.6709494360
3004,1,2,1993,4.082033310922780,0,9,647388.2995956680
3467,5,3,1953,3.8918033169260200,1,4,760678.6016673870
3286,5,3,1958,1.4697534149039800,2,9,681361.2493428750
1622,3,2,1954,2.0120317654554900,1,2,325380.0022571340
4579,2,3,2005,2.595571437930260,0,10,987442.6840517230
2071,4,1,1999,3.9802147150201200,1,4,508941.1259280810
2643,3,1,1964,4.617346392850860,0,5,572941.4282388940
2187,5,2,1981,1.3511259501034300,2,2,481489.24616078200
4632,4,1,1977,4.650653681015460,2,10,997885.7696999720
4351,5,2,1971,3.6303109355932600,2,1,944921.9815744860
3940,4,2,1966,3.2484682880826700,0,7,842172.2092376930
4266,2,1,2008,1.3992857207687300,1,10,901471.7427249740
2826,3,3,2020,0.7498626476411780,2,1,632482.6223597980
3414,4,1,2006,3.0580920432857300,0,8,748136.4563894380
4452,1,1,1975,3.4318205749800200,0,3,914555.7450033640
1095,1,2,1974,1.4485165220961000,1,10,214492.39812518300
1228,4,2,1959,3.0040529262145500,2,6,287478.2675046060
1865,4,2,1994,4.354220312431580,0,7,478566.0655908440
4992,4,2,1960,4.25779675454759,1,10,1068538.1056038700
1198,1,3,2002,4.673098312638340,2,1,334276.21781209000
895,1,3,2021,2.146486143005960,1,6,235478.10213396200
4671,4,3,2017,1.9312230764791300,1,7,1028282.3118218900
4860,5,2,1977,3.872417026913640,0,6,1060712.8283115800
3002,5,2,2014,2.4400058229365200,0,4,690243.7506863930
2319,2,2,1998,0.8939689881250130,0,1,501720.6757217420
1217,3,3,1996,1.7726050880172500,1,9,314916.5292154410
3282,5,2,2001,2.383620284891700,0,4,752791.6325948100
4077,1,1,2003,1.816323914643130,1,7,848697.2899849610
643,5,1,2009,1.9949250692629500,1,7,213397.79303700400
3640,2,2,2006,1.8219915777847600,0,2,788471.7465500820
4991,2,1,1996,0.6867462523238570,2,1,1023975.1331555500
3438,3,1,1980,3.3669261537099900,2,8,738091.5512277480
4136,5,3,1995,3.1878158915906100,2,8,926531.8100085810
3722,1,2,1975,3.4402257431540600,1,7,781388.9356850480
1667,1,2,1954,1.3653945321513200,1,8,302975.3037628080
3116,4,3,2001,1.8304454372561800,1,3,696224.0924052010
1562,1,1,2003,3.2882716712521500,0,2,370689.5462510850
2656,3,1,1982,3.1983240580696500,1,7,559262.3223593920
3482,3,2,1999,2.778486392094210,0,8,775422.1168993580
3794,1,1,1987,2.0768596250458900,0,1,783176.6365627200
1656,1,3,1976,4.608189521486100,2,10,392725.1966639870
1232,4,3,1964,2.028966090344800,2,9,297268.39963389
4830,1,2,2010,2.550286203967630,2,4,1027285.7703285800
1453,4,3,1970,3.551512239293940,0,4,367172.5872737960
3039,4,3,1995,2.9435964389004400,0,3,697780.778011206
3824,1,2,2018,2.0609868936397400,0,6,802714.096172766
3801,2,3,1955,2.4604015570542900,1,1,783978.6474904560
2042,2,3,1987,4.075163680340780,0,6,475471.17666867900
1691,4,3,2011,1.751581199689760,2,2,427302.04370052700
3493,1,1,2011,1.1401485789956700,2,9,724420.5096752370
3181,2,2,1995,1.909234408234000,0,2,690319.8868147180
1717,1,2,1962,4.322903969695560,0,7,383644.17774445900
2040,1,2,1952,0.90045371685356,2,1,379109.0941130740
3736,1,1,1955,4.962632330176030,0,7,758293.3788835380
2886,5,1,1957,2.9345130451744800,2,5,619360.9693678390
4219,1,2,1993,4.931805847851920,1,8,923122.1141786920
1888,5,1,1982,4.725483899386900,2,4,477884.3169302660
2356,4,2,1999,2.5376617139491300,1,10,558796.2539569190
1865,2,1,1960,1.393209835724070,0,7,366797.3447576700
999,2,3,1977,1.241981494543120,0,6,226125.4126756760
2180,2,3,2019,1.5799521374148100,1,5,507967.8360673270
1010,2,2,1990,3.6955968825404200,0,4,246540.96593599600
4812,2,1,1965,1.7282749762917000,1,7,961367.1393329060
1824,2,1,2017,2.0364137132193400,0,5,427947.1030973770
1655,2,3,1997,2.5195046179757700,2,5,396277.33998439000
2327,4,3,2005,4.609547061896550,0,1,585574.1096146860
3641,1,1,2013,1.3522703804818100,2,2,763296.5725547660
3986,3,1,2008,0.5226194867441140,2,5,827741.1738157430
2310,5,1,2011,0.7704338467017660,1,3,523323.0670600650
3423,3,1,1960,4.5714485375605300,0,2,731262.2024937340
2714,3,1,1967,3.413824091795130,1,4,574450.4841823130
4686,1,1,1968,1.7286827869751300,0,4,923773.1293560600
1213,1,2,2004,1.29736625455036,2,4,269665.86139839600
4102,1,1,1975,1.8242003148670100,2,4,838955.4538986460
4634,2,3,1955,1.0165861726307600,0,3,915104.2350135810
4022,4,2,1953,4.736898096279990,0,7,875981.0268954620
4768,2,1,1978,4.028927784643700,1,9,1017321.3952750600
1743,4,3,2008,2.5807602961064300,0,5,435500.94479437900
4209,4,2,1966,4.392331723018410,0,4,896600.4885198030
1581,3,3,1992,1.6225619193195500,0,2,342679.45001246000
955,3,1,2015,3.7270425581248700,1,2,267185.26764160500
1394,4,1,1983,4.352596245561850,0,5,338350.5954344410
1884,4,1,1957,2.1054592023047300,2,7,414166.584309186
2458,2,1,1962,3.9085900045282300,1,10,523387.09594019300
3572,2,2,1957,1.827825571689390,1,10,720713.4288162610
2496,3,2,2014,1.8448571086656400,2,9,551668.6465406330
4785,1,3,1992,0.9817573034938370,2,7,972746.6952602350
1004,4,1,1988,2.480261209292290,2,5,269874.7159038470
1714,2,3,2008,3.7837035792384,0,10,431423.2948124020
2031,3,2,1993,4.7309936250707800,2,10,501692.8515892060
3940,2,1,1958,3.2170864636809300,0,10,804904.7205412150
1323,4,1,1986,4.384109919810830,1,6,362719.62685852100
1428,4,2,1985,4.201225921806020,1,3,369407.96419172000
633,5,2,1977,1.280043738388760,2,5,176494.35410241200
2605,1,2,1991,2.6861784301068400,0,8,557218.6456389160
4127,5,2,1992,1.0261559098642600,2,1,909713.4350007040
2352,3,2,1991,3.5696892270273600,2,1,526951.7757612200
4675,2,1,2015,4.774548507107340,0,7,1033450.4577545000
3433,3,2,2004,1.1169025613544000,2,5,739205.5159327250
3784,4,1,2021,3.8024740886114400,1,5,870504.8285910130
4798,5,1,1997,3.3450716789053700,2,1,1045202.3496436300
3311,5,2,1971,3.126222666536450,0,9,722603.6896894620
1750,5,2,1976,2.2555410560975300,0,1,409947.22163611800
4012,3,1,2016,2.0980924148921600,1,5,901000.4882338210
1756,4,2,1962,0.7036213505849950,0,10,364834.6821527960
3876,2,2,1994,1.4805891871340600,0,9,795928.1818267060
3986,2,2,1959,0.5682959702907210,1,4,778486.8427341340
4084,3,3,1958,3.1163769751190900,2,8,858011.5135429480
1896,5,1,2003,0.9763395614505900,1,6,418888.6616954590
4137,1,3,1976,4.428587273133720,2,3,887527.9071799920
3830,3,2,1983,2.8541435931372400,1,4,827140.4447152760
3203,3,3,1950,3.648604590764190,2,2,673586.747670695
970,4,2,1981,2.3488569132822300,1,1,258717.68020973900
1853,2,3,2020,3.022609140504720,2,8,471816.88531841400
3283,3,2,2016,4.741966296349840,1,1,764387.1612255370
3331,3,3,1969,0.8723031783065190,2,1,687869.2513012190
857,5,3,1984,1.6427199736566300,1,4,252024.0176812600
3519,5,3,1966,4.009947471097450,0,10,788284.6902015210
1167,1,1,1967,0.9443174309719960,2,10,219652.59801356100
4968,4,3,1994,0.8404749675684990,1,6,1043830.2913439200
1645,1,1,2002,2.1269362943931700,2,9,368670.1351204140
4685,5,2,2017,0.9147558131259450,2,1,1015603.7016174700
4219,2,3,2014,3.132852989927910,1,7,909745.2997917290
3245,5,2,1950,1.5182386286747000,2,10,695195.3585354680
1039,4,2,2007,4.530640834397180,1,5,322312.8625079520
3279,5,3,1975,4.025750363803660,0,8,746167.7281082800
4636,4,1,1969,3.6486734274476400,2,7,985351.0239129460
4275,4,3,1959,3.2762481232302600,0,4,896792.553841208
3008,4,2,2008,4.3855957865365900,2,4,716524.6919885610
3279,4,2,1990,1.5037792769424100,2,6,695362.741532193
1424,4,3,1954,4.428989792439020,2,6,379005.71186711800
3456,2,1,2014,4.052715342908240,1,9,763645.6101594000
2081,1,1,1966,3.866723718744590,0,5,424881.192942697
3824,3,2,1971,3.0256505513371600,2,8,809782.1662261930
4985,1,2,1990,1.6080987243677000,1,5,1032002.2381140400
755,4,1,2017,2.4059656219635300,2,2,239234.57432208000
2338,2,3,2018,4.071067945424610,1,6,560304.6612210650
2444,5,2,1960,0.64300317960796,2,9,523988.4313016930
509,2,1,2005,4.019228461686910,0,3,179398.43319315900
3371,4,2,2000,1.5803183321940500,0,1,736289.1245550750
1297,2,3,1970,1.1493914032472100,2,1,284798.2134604170
1515,2,1,1975,1.0206559318113600,1,3,327253.4579829950
2324,4,2,1968,0.622625053778668,2,10,506990.3247570410
4969,2,3,2009,2.856139183496540,1,5,1064774.9343224200
3636,3,2,2020,1.4821694271217800,2,3,818671.3913349380
2693,3,3,1996,4.952442946008340,1,9,648718.3260877140
723,2,3,2020,3.084965401424930,0,8,236865.43918275100
4658,5,1,1975,1.1204837121020500,2,3,951484.5473650970
4425,4,3,1989,3.599431433651140,0,9,967287.6138508850
4500,3,2,1954,4.539846049293760,0,6,936969.4548360410
2133,5,3,1970,3.8533077291632600,2,7,523680.204086382
2652,2,3,1953,0.8439793746775150,2,4,537770.4956241910
1010,5,1,1972,4.531478815366970,1,4,261227.3187203410
884,1,3,1964,4.072682236369840,1,2,217669.88490550500
904,3,3,1957,1.2123675504752600,0,5,198204.1283050720
2500,2,2,1990,0.7330364992976760,1,8,517128.7578663310
3256,4,1,1968,3.007897588914390,1,7,701609.1002837390
2168,2,1,1995,1.202161151029900,2,7,465144.0719417190
1960,4,1,1977,4.255659286678730,1,6,466251.49161970700
4136,2,3,2017,2.112505955022530,0,3,894174.439544655
3224,5,1,1964,4.608016001314590,1,5,705754.4319783620
4678,5,3,1986,3.045596774634530,0,1,1007068.6501452700
2548,5,3,1950,1.3220257290785100,2,7,547523.9110807310
4646,1,2,2016,1.1281949031191000,0,9,965317.5061019750
1216,4,2,1973,3.094125969009890,1,1,299226.76708907600
2323,5,2,1976,3.928476253381000,2,2,548288.2433774920
2581,1,2,1989,4.016775414839820,1,3,570399.7427677900
3919,4,2,2012,1.7409083199857700,2,3,875382.7427446680
2074,2,3,2010,1.4191104151047500,2,8,473734.215407891
749,1,3,1985,0.5754033702157210,1,7,146020.40342022000
1173,3,1,1973,3.556396180405260,1,6,288382.46046148100
2665,1,3,1973,0.8445571629509250,2,10,537619.5908056170
1270,1,3,1953,2.3934254079466700,2,10,264215.33977452800
4462,4,2,2016,3.2075697380823300,1,4,1010589.32913523
4863,2,3,1983,4.7169902521385500,0,9,1047149.2482085700
2484,3,2,2006,1.9031096163009600,1,1,562238.4809757020
1577,5,1,1998,1.623974731009340,2,2,370970.3860521570
735,5,1,2002,3.443720694287440,1,4,238459.11589080200
888,1,3,1972,3.2865756442411200,0,3,215993.8951157030
3537,4,1,2018,1.9944940248865600,1,1,769763.673034886
2348,4,3,2002,4.676458259794040,2,5,594755.3248280680
3314,5,1,2011,4.301880473703350,1,7,779336.1178319980
3874,3,2,1990,1.5079214563928700,2,2,820831.6964017670
3778,2,2,2006,1.5761414544553500,2,5,818613.7108034130
1752,3,2,2009,2.8053515609918600,1,6,432824.65856336300
4481,2,2,2003,3.9810744577882400,2,7,996696.835850388
2622,5,3,2019,0.6981817072480900,2,1,604936.830452781
2650,2,1,2006,3.62000819180618,0,7,596659.3685492760
1829,4,3,1959,3.4170615382194400,0,4,417900.59093719100
1858,1,2,1989,1.541660431608450,0,8,376032.36153657600
2982,1,3,1956,3.5660885595860700,0,4,626454.2784147050
2517,5,1,1987,4.730824360634370,2,6,629609.0984680440
1831,4,3,2010,0.7105363023729580,1,9,432687.983790756
4844,3,1,1952,1.9384342488142800,2,5,979926.7246149520
4761,4,3,2000,2.4717952249986000,2,4,1041122.1131331300
1858,1,1,1996,4.546671615161100,2,8,433664.2275283450
3677,1,1,2017,4.8301765097412100,1,9,806645.0448680980
2628,4,2,1987,2.4985186092335000,0,4,576020.0443075490
2680,4,1,1985,3.87512785463986,2,3,600207.3340100810
637,1,2,1990,2.8924746069401700,2,8,190828.13988469400
3972,3,2,2018,2.9200232063361900,0,5,878049.2511558100
3332,5,2,1962,1.751447817798600,2,2,704212.5239765070
4079,5,3,2007,1.4763031063874600,1,10,909836.0848436900
3531,4,3,1999,1.796024056658190,2,9,771922.849821314
4664,5,3,1979,3.003476032656860,2,3,1010183.5001098100
3093,1,3,2011,0.6311983370994010,0,2,650748.6977489770
4800,1,1,1974,4.582620249603830,2,1,1018026.9936582900
4318,4,1,1976,1.203276692973990,2,8,897666.0008462980
4638,4,3,2000,1.4903990459212400,1,3,998439.2371139770
4323,4,1,2006,2.8322427940144100,0,7,938864.8192625760
4542,3,1,1996,3.6955164485177600,0,1,978835.1052830340
2406,5,2,1988,0.9307807463497880,1,1,533178.2402465390
1260,4,2,1965,1.9296261389622300,2,9,278644.6693366640
3945,2,2,1971,4.859035725084610,0,8,846346.3280926010
1399,2,2,2003,1.6805433505142600,0,3,310271.2636685360
4955,1,1,1970,1.908725652784160,2,6,995441.7102207710
3447,5,3,2021,4.264243207781150,2,3,830557.1687018350
2219,4,1,1965,0.7259649426070490,0,4,470083.2903669340
780,2,1,2008,2.590759259640370,2,1,217462.44505708800
3766,5,1,1980,2.208275440032520,0,5,787281.7359378720
2387,1,2,1991,1.9246404195889300,2,1,508927.8041870650
3766,3,2,1981,1.7856481732014400,2,1,799178.3100544010
1166,5,2,2008,0.9111834718718420,1,10,319601.3915396030
4688,5,3,1983,1.9167162320824200,2,7,1004456.2194818500
1171,3,1,1958,0.6937358122205090,1,6,206781.75744307100
2469,5,3,1960,4.0143373863999600,2,2,583183.4309103090
4656,1,2,1959,2.2920250728110500,0,2,913774.3890331690
3622,1,3,1966,2.497567245439600,0,7,734501.9542665190
4400,3,1,2017,4.521175639025590,2,1,987241.4297302740
1023,4,1,1997,3.4612474273754900,2,2,287822.37687763100
2893,2,2,2001,0.536265965039539,0,8,607535.6340463360
3617,4,2,1974,4.744286703325780,2,6,804727.9577270230
3093,5,3,1970,1.5671500968997000,1,2,665369.9589318280
2468,2,2,2014,0.9842638314193650,1,7,540221.2539417970
2253,3,2,2012,3.95657680271397,1,4,551444.6316158970
2796,3,1,2000,2.7521479214002300,1,2,621460.4905680830
2761,2,2,1985,2.451967547081080,1,6,596339.5709584420
2786,1,2,2015,1.622763858572340,2,9,617979.8529750030
4702,2,1,1964,2.963621704380430,2,9,967780.6667222160
3378,5,1,1988,1.7347307234116400,1,8,734156.8160862670
4643,1,3,2019,4.557123523791800,2,3,1021134.6211894100
4144,3,2,1950,1.4684201587993700,2,3,834328.5793736470
4932,2,1,1972,4.479598177050890,1,2,1040389.0481357800
2555,4,3,1988,3.0173244157731100,2,5,602549.2781823010
1776,4,3,2006,4.228196602528580,2,4,468699.44129559100
3266,5,2,1983,3.7078069813743000,2,7,738226.711971728
802,4,2,1990,3.6351280014653700,1,4,237185.91326914500
1138,2,3,2022,1.9595561346277500,2,9,315357.48101833000
555,2,1,1962,1.5525361916249200,0,2,111626.85342361600
1025,4,3,2019,1.4489880245635500,0,6,282660.2192955370
4623,2,2,1955,4.357362456768150,1,7,972040.0599877930
2625,5,1,2001,4.19192069116559,0,4,625113.6084591300
3787,1,1,1952,2.482580876055380,1,6,745395.8553692060
864,5,3,2012,1.0958207607340500,0,7,250123.469112831
2146,5,2,1998,2.2201351338985600,0,4,510968.1406545
1418,2,3,1996,3.2870455436161000,0,8,353161.46132211200
3297,1,3,2004,2.5448141951597900,1,9,740330.4672038730
2031,2,3,2013,4.010851708173480,1,1,496840.5291926290
3845,3,1,2014,4.989302700131230,2,7,888020.5575222680
2406,2,1,2016,1.3600943980200400,1,9,522309.4058721850
3586,2,2,1964,2.568428688468080,0,10,724033.5604571350
2575,2,2,1981,2.439427558643700,0,5,545482.7420093060
1213,1,3,2017,1.8702163973702800,1,2,305026.7707546250
1562,2,3,1967,1.391429825241300,1,10,355453.1829292210
2476,1,3,1992,0.7956145242034670,1,6,513292.75970622
1796,4,2,1984,4.492036927506640,2,7,442278.7666177530
625,3,1,2007,2.3893191395884300,0,2,185569.89426877000
4096,1,1,1982,2.7360298332502200,2,2,826494.0471232900
3783,4,3,1963,4.626239216904120,2,10,839074.0204275190
2103,1,3,1983,3.9933071488217700,0,10,474659.86005527800
566,1,3,2010,1.087255688527330,0,1,158454.83915736200
732,3,3,1953,3.044389854234840,1,4,190802.0703078010
2656,5,2,2008,2.490135244338020,1,7,619516.332475993
1669,5,1,1978,4.087449826604430,2,9,416605.60725276700
2658,1,3,1955,3.7590464642537700,1,3,551324.4886577000
4706,2,2,1998,3.6068257485998200,1,7,1000021.7606809200
1993,4,3,1989,2.032451759659540,0,7,462185.7241886990
4507,2,3,2014,4.122336786796650,0,7,985499.1963159840
2972,2,1,2018,0.7357608301768750,1,2,629290.1434469350
3160,1,3,1976,1.2183120564447500,0,6,627322.941247679
3239,1,1,1955,2.0103047284006000,1,2,638451.4027889120
2261,1,1,1962,0.8456334848117660,0,6,439898.8032648410
4014,1,1,2013,1.5574742489061100,0,10,821146.2339055580
2475,5,2,2011,4.235679423490630,0,3,594005.0065233840
2862,1,2,1968,4.767131920055360,0,2,613658.1099473300
1376,5,1,1992,1.8707106009838600,1,6,335417.6369743350
4312,5,3,1969,1.6903211179497700,2,2,919941.4098368200
3948,1,1,2017,1.759516935108920,0,5,823529.5488742900
1812,3,3,1993,1.7497358930788000,1,2,415639.64540792800
1960,4,1,1972,0.6616858198368790,1,3,407600.3914029590
3209,2,3,1951,4.671123558489990,0,3,694271.1623037980
2824,5,2,1971,1.4616416370664800,2,6,591174.1368528140
2233,4,3,2006,2.3900183333663200,0,6,525760.8806101800
2105,3,1,2021,0.5435909723343550,1,10,472291.952524426
3063,2,2,1956,4.360797909117760,2,3,647832.2075906590
3921,2,3,2005,3.7902080500471300,1,3,889364.8170683800
4017,5,3,2016,4.760402158281660,0,1,935451.9335719380
2897,1,3,1965,4.017269656383800,2,7,625246.1179756840
4235,3,3,2000,1.9116793042342900,1,8,917235.4105319370
3370,5,3,2021,1.6154301142779100,1,2,769318.6038261500
1660,3,2,1961,3.639723383989820,1,4,357130.1202818030
742,1,2,2002,2.1385074875472500,0,10,181191.0670440430
3090,1,2,1954,3.0479675708867700,2,7,641013.919122572
1563,5,2,1976,0.528158619619116,0,8,336153.4280264350
4824,1,1,1961,0.7784856575621390,0,1,924012.9418488420
3095,4,2,1966,2.90915573531743,0,4,670894.0581247890
1419,2,3,1955,3.047322409016740,2,6,312202.08717502100
505,5,3,1954,3.881538250067050,0,3,159121.4656145040
967,3,2,2006,1.0938439383078300,0,5,240302.2199712510
4670,4,3,1977,2.8093238769055000,0,10,1001847.3602497700
503,5,2,2018,1.3750143999426000,0,9,206042.35131646400
1145,1,3,2008,0.9193825380321260,1,3,275063.0991470560
617,1,1,1982,2.3472310732725000,0,5,147206.86576297100
3428,1,1,2011,1.2350149164007600,1,8,710065.5617561330
3051,1,2,1999,1.4980189018654300,0,6,624411.6024682870
4789,3,2,1968,1.9289956094127600,2,4,988358.2476373830
1346,4,2,2018,1.6672478033443800,1,8,351280.4162027620
3262,2,3,2015,0.8941608383267590,1,3,696027.2851612550
1641,3,2,1996,0.9046231018686600,1,3,364016.40122899000
2310,3,1,1988,1.3696223685537600,1,4,494537.51154549800
1223,2,3,2017,0.7275163458179250,2,9,307116.6791374500
724,2,2,1982,3.319056588546170,0,5,194628.72736203500
4708,1,3,1962,1.792970224290060,1,8,949404.2006657250
2548,3,3,2003,1.7588568549608200,2,6,574912.7662317120
4915,5,2,1956,1.9939923240699400,1,3,1011770.8785945600
2073,2,3,1963,3.4825832339437500,0,8,438849.2345292180
2328,2,1,1968,4.417852466675710,1,9,527715.5373919870
2417,4,1,2003,3.9158911965003700,2,8,580272.8715936990
4734,5,3,1969,3.773881536012930,0,4,1021159.6924822500
2526,5,2,1978,2.6797603352038200,2,6,567108.4842135330
4244,2,3,1973,3.622125006353350,0,1,926488.454118578
1401,1,1,2012,2.9874306561511200,0,4,321278.1795200380
2539,4,3,2006,1.47312737683938,0,8,572608.4313965300
509,5,3,1957,1.4386476548347300,1,1,140538.08318538200
760,2,1,2011,1.8337640309387800,2,3,211508.5901215240
2173,5,3,1978,4.598612019364160,2,1,552158.5008426190
2719,4,3,1966,2.9633667817087700,2,9,623326.5868033240
2560,4,2,2015,3.8025741965084100,0,2,622100.1895022330
4213,3,2,1955,2.059514419174460,1,9,845932.4082879500
2119,2,1,2007,2.3347209679935100,0,4,468251.3632686850
820,4,1,2018,1.0650451038676300,2,2,236054.00028315300
1842,3,1,1977,1.2708273101975200,1,4,405144.670068021
2876,3,2,2011,4.223104496717660,1,10,663568.5126665220
3332,5,1,1990,3.1317738425999700,1,6,755402.3726912520
3324,5,1,2018,2.018896096477190,2,7,759882.5851426220
2494,3,1,1990,4.112830440479960,1,3,578870.7619594940
3458,5,2,1998,1.6093395753709200,1,3,760720.1464642050
2538,4,3,1998,4.892147143700920,0,10,611557.8808542510
3990,1,1,2020,2.051679234857760,0,8,851283.9163168800
4177,4,3,1952,2.0178992936805200,1,5,870212.7996762640
1618,3,1,1959,1.9036035749151700,1,4,340874.6232811250
2104,3,3,1984,1.0495018216593000,0,7,451409.48097110300
4527,4,2,1951,1.000117162994060,0,7,898403.5372117120
735,5,2,1973,3.416472655403560,0,9,198659.21988081500
2469,5,1,1987,4.438031200511210,2,9,600564.2006890620
4929,3,3,1971,4.057342296222530,2,5,1062899.029267780
2408,2,2,1975,1.13498417309608,0,8,476966.9362678020
875,5,1,1992,2.955119548064300,1,10,245941.05648799800
4030,4,1,2004,0.9751619568948800,0,1,844959.8412339090
3135,5,2,1988,0.7038258962588490,2,9,663727.5441240590
2070,4,2,1978,3.4537363672314500,1,8,473629.22154242000
3060,3,1,1969,2.9081855015615800,2,6,638284.4789553600
3891,5,3,1990,0.8691065834516190,1,3,833111.8086328950
3465,4,3,2003,0.657226608826948,2,3,749471.4241491090
4143,3,3,1969,4.953903860342010,1,8,891638.5086964630
4350,2,1,1968,0.6350959946708230,1,5,877752.3422257570
1372,4,2,2015,2.5003771387257200,1,10,377431.0643911780
1752,2,1,1979,2.77078561073463,1,7,373171.5899458200
1814,2,2,2002,1.0277606651020000,2,5,405940.62394306600
3398,1,3,1983,1.2607780029787200,2,8,706686.3209428940
577,5,3,1971,2.0831225288465900,1,10,185557.69648043400
3121,4,2,2016,3.927541442961480,1,10,728927.0713778210
4727,2,2,1955,2.7818709082712,2,4,976049.1314638920
1100,1,1,1976,3.370558435488330,1,2,241079.3234902560
1565,3,3,1959,4.933285497908040,1,3,368640.65842693400
2636,4,1,2022,3.9560244589094400,1,8,645781.7324767870
2949,2,1,1997,2.4546267416354800,0,7,641526.9853657570
2843,5,1,2019,2.508988648084470,1,2,691113.9194565740
2363,1,3,2008,3.2844743466845200,0,6,528869.8625493660
1818,2,1,2008,3.4941434378850700,1,9,441001.3484190840
4097,5,1,1951,2.753199166265020,2,4,852599.97505604
4262,2,1,1978,3.4018755026674100,0,9,894261.7196452520
2690,4,1,2017,0.6058962248634450,0,2,574383.5478606390
1492,4,1,2014,2.4333028875358000,1,2,366271.8455560510
3212,4,1,1975,1.7552213423306500,1,9,665969.5719032950
2692,1,3,1959,1.0812850035940000,0,7,525408.9155105910
1748,4,1,2002,0.9479593076394880,2,7,394408.57694920900
3554,5,2,2008,3.214364745266000,2,1,826606.0146181240
4533,2,1,1971,2.8562024621867500,1,6,940711.9831153800
2497,3,1,2000,1.6411285264836600,2,7,555012.7033097090
4187,5,3,1997,2.619275264476320,2,6,950877.0053637530
2651,5,3,1970,2.7150454183208400,1,6,601083.947569366
4518,4,2,1971,1.377540411973770,2,2,926094.1390762050
3610,1,2,1979,3.434418778467430,1,6,774150.0468123950
2470,2,3,1974,4.014137103737410,0,4,543160.4942000010
697,1,3,1977,4.061585934002840,1,9,202427.97400689800
3126,2,1,2014,3.211114238165550,0,1,708104.0557380340
1702,2,3,1994,2.8023736213355600,0,8,402002.4844273370
2535,1,2,2017,0.774532143524277,2,5,533656.3940212180
977,5,1,1956,1.7952408448322300,2,1,214146.49100738500
1754,2,2,1998,0.9197215105017650,2,4,398823.2673263780
1422,1,1,1958,4.837204223953130,1,1,313266.83650286900
919,2,3,1985,1.1078606580159200,2,6,217213.6452196610
2704,3,2,1950,1.1829893443299600,0,2,539133.0843265860
3097,5,1,1959,4.5030947824872100,2,5,697909.6503581120
1620,4,1,1985,4.74767727564406,2,7,418003.15725851600
3568,2,3,2022,3.9462306765570900,1,2,818706.7764361520
1450,3,3,1995,0.5243221565270140,1,6,325738.14789058200
2836,4,3,1981,0.5060582193045370,0,6,605369.8615424820
2743,4,2,1981,2.2014534640435300,1,5,606157.4972713310
3145,2,1,1955,1.1452791650490200,2,5,613606.1874695570
2357,1,3,1997,0.5827376396821880,1,3,503962.1877251640
2365,2,2,1987,2.588300102320270,0,10,510534.16038350600
3412,3,2,1966,4.743778538331370,2,10,744040.0563316270
3353,4,2,1976,1.9571880870609400,0,2,701368.1143168810
3728,2,3,2003,3.4751330529291300,1,7,816939.5874308390
4219,1,3,1999,3.4350590890959800,1,1,907601.7861704030
3728,2,1,1984,1.629860466493260,0,6,771385.1497807610
2871,5,1,1974,3.4269136197073900,2,6,636552.7524853060
3391,1,3,1977,1.4555028842910100,1,3,694917.3008745460
4256,3,2,1964,1.0490333610960000,1,2,852368.6069601660
4725,4,2,1953,3.6562247850186100,2,2,993240.2813625650
594,2,2,2022,1.0104836769676300,1,9,158856.84303466200
3174,1,1,1976,4.986091483652100,0,5,678385.989963216
2455,5,2,1975,1.325535805176030,1,7,531945.983279591
1293,1,1,1968,3.173638382404060,1,5,279607.45517641800
2334,5,1,1966,2.3511855713566500,2,7,515300.5927029040
2616,3,2,1992,1.068738900825500,0,4,542247.1622628620
4606,4,2,1990,0.6252975840983600,2,8,974421.4462019110
3825,3,3,1991,3.30229527031775,1,10,843637.4594569860
3419,2,3,1999,4.130409037051070,1,10,772740.0707275410
3097,1,2,1989,4.289070476780350,2,7,685644.2336178540
3705,5,1,1988,2.672210628846210,2,10,808905.5849604710
1314,5,1,1972,3.998549602320740,2,5,341956.2674322980
845,1,1,2001,3.5278121006984500,0,6,222673.0658697630
2849,1,1,1996,3.7591453737461000,1,5,604718.223692736
862,2,1,2012,2.7166955234981600,2,7,234762.8244790120
2943,3,3,2018,3.350352831089570,1,2,690305.8227623080
2765,5,2,1992,4.124866611092260,0,5,652434.7052233270
2688,2,3,1997,2.2904787900066000,0,10,601890.2919093700
3505,3,1,1983,4.126905053904130,0,3,753186.167662594
3781,2,1,1989,3.1640757925507800,0,9,792681.5184200830
1484,5,1,2010,1.246554609668540,1,6,360372.9780385630
2139,1,1,1999,0.6110787075106310,0,10,422950.9047116140
1327,1,2,2016,2.1323912017961800,0,3,312914.00307582000
3230,3,1,2011,2.9601334773335300,2,7,734110.0243598830
4031,4,2,2007,4.279191584915700,0,4,899849.5188200920
4951,3,1,1982,1.073685560631110,2,3,1017583.4273610000
3435,4,2,1965,4.100928564576110,0,8,729494.9061684580
4376,2,3,1997,4.383540707302520,0,4,953339.7306451160
626,2,1,1959,1.178093691503750,2,1,113576.51237037600
3677,5,2,1987,4.332174436868990,0,6,847131.2132821750
3556,4,3,1968,4.961541055292560,1,10,796875.0927818620
1103,5,1,1985,3.770774739717070,1,1,280149.1863612470
3949,1,1,2008,4.0314635682124500,0,5,833283.0644545740
4646,4,1,2012,4.974868704014930,1,7,1046163.3264236900
4033,3,2,1995,3.224665627366750,2,6,889107.6929684000
3867,1,2,1952,1.8854887190731200,0,2,760436.8893623690
3868,1,3,2014,4.26888875334225,0,4,864309.0323581440
4297,3,2,1957,3.2651859988023400,2,2,910000.3859570920
2292,1,2,2000,3.1153794067443000,2,1,512734.77889379300
3361,4,1,2022,1.6413599998131700,2,3,762769.5055574660
3976,5,1,1955,3.90350421312299,0,3,827432.4143465810
3917,1,1,1988,0.8675027413704330,2,7,780363.0627911760
2145,4,1,2009,4.6592918185759800,2,1,524818.9633293220
1705,2,1,1977,1.9662055734671800,1,9,354744.6305953100
3530,4,1,2003,1.074985937554960,1,6,754662.1768906610
3372,5,1,1986,2.4906493989608800,0,4,733900.7559066790
3572,4,3,1958,0.6911145916543990,1,3,729385.5524036870
2354,3,3,2005,3.5808178741923500,1,3,556236.7348047680
4521,5,3,2008,4.5621747970041000,2,2,1039730.2135109300
3208,2,3,1951,4.267683532123290,2,2,672640.7862957920
4002,3,1,2010,1.073162630515470,1,10,860129.7292090550
1832,4,3,2007,1.0682201169847900,1,5,432387.0410257920
701,5,1,2009,4.160455170459190,1,9,246717.9663664510
4007,2,3,1989,4.659144235714020,0,2,897176.5668201510
4712,3,2,1985,2.573014234250700,0,2,976572.7481782680
1074,2,3,1986,2.7453700261119500,0,6,251724.67925136000
1036,4,3,1967,1.9321791862357700,1,10,238220.48454485100
2125,2,1,2012,4.524193032153860,1,2,514184.1816653130
2622,1,3,1971,3.4020630738156000,0,4,561747.2624036100
885,3,2,1960,1.7971320972531600,0,6,194353.73613997600
3781,2,1,2007,1.8445229197441300,1,5,826587.7969711120
974,4,1,2006,4.5104003287862100,2,1,280961.6803897860
917,4,3,1953,0.5613531075761970,0,6,191907.6525048870
4100,2,1,1956,1.9522695772698700,1,1,809712.7379333260
1454,4,1,2010,2.9946050654736600,1,3,369854.9244932170
1705,5,1,2003,1.166978579446960,2,10,400306.9574091660
4620,5,1,2017,0.9144443938981540,1,5,985628.9692003930
2490,5,1,1950,4.16874348990752,1,10,567376.4006946470
4072,1,1,2004,4.524819748918280,0,5,889695.2695039130
4880,2,2,1952,4.206228893591850,0,10,1004325.3931894500
4658,1,3,1987,4.544545503818070,2,6,1021278.340082140
3213,4,2,1950,2.989003869762670,2,10,665309.7683934510
2703,1,1,1987,4.155161544456540,1,8,576620.3718535390
3620,4,1,1978,2.228191872759950,0,5,738643.2007694530
1466,4,3,1954,3.4982053766556700,2,1,343678.93524860200
3932,3,2,1970,4.94975989125124,2,5,865263.3836358160
1188,5,3,2020,1.5157747572760700,2,3,342365.20713846400
4743,4,2,2016,2.254548858309860,1,4,1037911.6519852500
4201,3,1,1996,2.660213197895390,0,8,876992.62965777
841,5,3,1984,1.1210696915902300,2,7,238047.5927999940
2224,4,3,2017,0.8646737470927560,0,5,518166.38138878100
4922,4,1,2018,4.23375289844731,2,2,1108236.8362913700
2292,1,3,1950,4.895574677724140,2,6,483905.9983899620
2259,1,2,2017,2.321262787233460,0,6,509733.85039648000
3712,5,2,1961,0.8944242628759400,0,10,747938.7115439640
1489,4,2,2009,0.7961529231075940,0,10,347769.0613211000
2762,2,2,1976,4.5109319286213400,1,6,619407.6279156840
2982,1,1,2005,2.5871641237745600,2,9,646118.3979191780
1451,5,3,1972,1.9401229245307600,1,8,338786.44407016800
1222,4,2,1974,2.644075720577300,0,8,291123.86737050400
3889,4,1,1970,1.932368426115560,2,1,796470.173239297
2579,2,3,2010,2.70066098888429,1,5,603812.5887922470
3217,5,3,2012,4.368003786130720,2,7,779867.2165969980
2832,4,1,2001,3.1653561697794300,1,6,656065.8419892450
3876,1,1,1974,3.6259419776457900,0,5,793323.8127937270
2000,2,2,2004,2.1410180430545100,1,8,448879.5107617520
785,5,3,1995,3.8232764532973300,2,3,262707.27893308200
3995,2,3,1981,3.4997768819571800,2,6,872258.3925462880
2565,1,1,2004,1.038028989884250,2,5,530476.1232749790
1268,5,3,1954,3.0768928390201300,2,8,321199.3469094540
3557,2,2,1985,1.655345733393910,0,4,730405.6620242160
4789,3,3,1998,4.118430513351170,1,8,1033816.8247013500
2661,1,1,2007,2.4167196881012300,0,10,564747.6546436540
3793,1,1,1988,4.976078743384190,0,2,804450.0990071340
1446,1,2,2010,0.916251970725337,0,9,316282.80679770300
3835,3,2,1958,4.011565382330710,2,9,806269.4033782160
4650,3,3,1955,3.531657800939700,2,10,988234.6180212420
1981,4,3,1984,3.9537447376581700,2,10,489595.41246134200
2401,2,1,1988,1.8838840797070500,1,6,504682.30124801800
3951,4,2,1971,2.714245202220800,2,4,851472.5994111880
4564,2,2,1990,4.0842883387566900,1,4,991703.3944221090
554,3,2,1954,1.5464359922938500,2,6,120795.5523667110
2323,3,3,1991,1.5171493855489300,2,5,511645.2377877410
3962,4,2,2016,2.979729289827200,0,6,868356.2431862870
3579,5,1,1979,2.856036107884350,0,7,765780.0440479130
1332,4,1,2006,1.7701811168582000,0,7,317780.5942863930
4908,2,3,2022,1.8413404273617000,1,9,1058290.6809403500
3306,4,3,1978,1.7503032344295400,1,8,708003.0797050630
2990,1,2,1986,3.9718042789931900,2,6,663456.3939054120
827,2,3,1962,3.4335538950310700,1,6,198773.47571275900
3810,2,1,1981,4.245877325346140,2,5,821117.7482116630
3800,5,2,1995,4.8896286274131000,1,1,888184.3038431650
4175,3,1,1972,2.633739333223940,1,9,869924.3421379090
3554,2,2,1994,0.8001224663245200,1,9,734201.4615779820
2643,3,3,1966,0.7164153968541590,0,9,530326.7865334610
1811,4,2,2015,1.8304926767222900,1,8,436325.0761836850
3691,1,2,1955,4.696450652086030,0,10,758140.6272517710
3038,5,1,1967,2.854458747368940,0,3,647006.812552705
4483,3,1,1971,1.7230393223605800,1,1,921002.2482228520
664,2,2,1982,2.296250575299590,2,8,170024.87591657100
4777,3,3,1979,3.1936779833210200,2,7,1009807.4390560000
1322,2,3,1981,3.43827346162029,2,5,345655.79485490200
1443,3,1,1991,1.1926377940230700,1,10,320689.21882179800
4925,2,3,1959,4.896642544453290,2,7,1034380.2041616700
1274,4,1,1985,2.95147502142255,0,10,304653.63604893
2698,2,3,1983,1.1105974300652600,2,4,571367.8252792630
3656,2,2,2022,4.521358640057600,1,9,856066.3005338380
4742,1,1,1977,0.8358729398574300,2,10,931856.9695152730
4195,2,1,1960,4.584809449298810,0,2,882532.5489330420
3952,1,2,1988,4.984545453300420,1,9,875163.0460692300
1414,5,1,1996,3.6519430962042700,2,9,372292.60339231800
1808,1,3,1968,3.967012494832950,1,5,402330.051233892
4677,4,3,1964,2.017862764103690,1,1,965304.8489878180
1013,1,1,1977,4.737095837302700,1,7,248621.82614873700
2420,5,3,1973,2.8837128474876500,2,10,560889.7929688860
4094,4,1,2021,3.795748009689000,1,10,933332.7201261590
1909,3,2,1958,4.658484721600760,2,4,453579.1055342160
3690,3,1,1996,4.888309891889790,0,9,814843.6877321300
4991,1,2,1982,4.249419604685030,2,6,1037268.0434280200
2055,1,3,2011,1.8635787814191400,0,3,460741.2339285250
1304,5,2,1968,4.849463824484370,2,6,357477.33266695200
1779,5,3,2016,3.326537890596070,1,10,480192.24523579200
4077,2,1,1989,4.687891143583820,2,6,886451.6346786670
3401,5,3,1996,3.5424726161645800,1,5,786584.6102391080
1887,2,1,2014,1.8825753283147400,0,2,439793.07800824400
3261,4,1,1978,2.165110358642670,2,10,701493.9970692650
3179,1,2,1999,2.977122996963230,1,10,683723.1607044180
2606,4,2,1962,4.055066787019470,0,2,572024.023634332
4723,5,2,1950,1.9309214810315100,0,7,964865.2986386950
3268,4,2,1983,3.1087902476038600,2,2,742599.2533323640